dataset,train_steps,n_simulations,forecast_prediction_steps,model,score,score_type,repetition
german,100,1,1,TSMixer,0.014847909,mae,0
german,100,1,10,TSMixer,0.14584447,mae,0
german,100,1,1,VAR,0.005309896,mae,0
german,100,1,10,VAR,0.064334236,mae,0
german,100,1,1,LSTM,0.3850148,mae,0
german,100,1,10,LSTM,0.5879568,mae,0
german,100,1,1,TiDE,0.01135727,mae,0
german,100,1,10,TiDE,0.09675683,mae,0
german,100,1,1,Oracle,0.0036499158,mae,0
german,100,1,10,Oracle,0.014202339,mae,0
german,100,1,1,TSMixer,0.015355194,mae,1
german,100,1,10,TSMixer,0.1440953,mae,1
german,100,1,1,VAR,0.009937367,mae,1
german,100,1,10,VAR,0.018708805,mae,1
german,100,1,1,LSTM,0.28990844,mae,1
german,100,1,10,LSTM,0.38825956,mae,1
german,100,1,1,TiDE,0.01145582,mae,1
german,100,1,10,TiDE,0.097847305,mae,1
german,100,1,1,Oracle,0.0036499158,mae,1
german,100,1,10,Oracle,0.014202339,mae,1
german,100,1,1,TSMixer,0.014243017,mae,2
german,100,1,10,TSMixer,0.1373392,mae,2
german,100,1,1,VAR,0.0053633046,mae,2
german,100,1,10,VAR,0.027965184,mae,2
german,100,1,1,LSTM,0.3903493,mae,2
german,100,1,10,LSTM,0.52792394,mae,2
german,100,1,1,TiDE,0.010879284,mae,2
german,100,1,10,TiDE,0.09361034,mae,2
german,100,1,1,Oracle,0.0036499158,mae,2
german,100,1,10,Oracle,0.014202339,mae,2
german,100,1,1,TSMixer,0.013562349,mae,3
german,100,1,10,TSMixer,0.128782,mae,3
german,100,1,1,VAR,0.0152347535,mae,3
german,100,1,10,VAR,0.05229775,mae,3
german,100,1,1,LSTM,0.4441432,mae,3
german,100,1,10,LSTM,0.5190428,mae,3
german,100,1,1,TiDE,0.010550894,mae,3
german,100,1,10,TiDE,0.08862124,mae,3
german,100,1,1,Oracle,0.0036499158,mae,3
german,100,1,10,Oracle,0.014202339,mae,3
german,100,1,1,TSMixer,0.015031055,mae,4
german,100,1,10,TSMixer,0.1448771,mae,4
german,100,1,1,VAR,0.010372838,mae,4
german,100,1,10,VAR,0.047128785,mae,4
german,100,1,1,LSTM,0.3050662,mae,4
german,100,1,10,LSTM,0.4616363,mae,4
german,100,1,1,TiDE,0.011821236,mae,4
german,100,1,10,TiDE,0.09865673,mae,4
german,100,1,1,Oracle,0.0036499158,mae,4
german,100,1,10,Oracle,0.014202339,mae,4
german,100,1,1,TSMixer,0.014172344,mae,5
german,100,1,10,TSMixer,0.13661087,mae,5
german,100,1,1,VAR,0.004926031,mae,5
german,100,1,10,VAR,0.079266906,mae,5
german,100,1,1,LSTM,0.42010373,mae,5
german,100,1,10,LSTM,0.52836674,mae,5
german,100,1,1,TiDE,0.011271913,mae,5
german,100,1,10,TiDE,0.094519034,mae,5
german,100,1,1,Oracle,0.0036499158,mae,5
german,100,1,10,Oracle,0.014202339,mae,5
german,100,1,1,TSMixer,0.014418104,mae,6
german,100,1,10,TSMixer,0.13777284,mae,6
german,100,1,1,VAR,0.004803462,mae,6
german,100,1,10,VAR,0.11079184,mae,6
german,100,1,1,LSTM,0.5117618,mae,6
german,100,1,10,LSTM,0.5781223,mae,6
german,100,1,1,TiDE,0.010452513,mae,6
german,100,1,10,TiDE,0.090667345,mae,6
german,100,1,1,Oracle,0.0036499158,mae,6
german,100,1,10,Oracle,0.014202339,mae,6
german,100,1,1,TSMixer,0.014256021,mae,7
german,100,1,10,TSMixer,0.13292477,mae,7
german,100,1,1,VAR,0.004519128,mae,7
german,100,1,10,VAR,0.02448347,mae,7
german,100,1,1,LSTM,0.30189487,mae,7
german,100,1,10,LSTM,0.4575903,mae,7
german,100,1,1,TiDE,0.011436367,mae,7
german,100,1,10,TiDE,0.094954684,mae,7
german,100,1,1,Oracle,0.0036499158,mae,7
german,100,1,10,Oracle,0.014202339,mae,7
german,100,1,1,TSMixer,0.014490077,mae,8
german,100,1,10,TSMixer,0.13934174,mae,8
german,100,1,1,VAR,0.009615912,mae,8
german,100,1,10,VAR,0.08909495,mae,8
german,100,1,1,LSTM,0.27242768,mae,8
german,100,1,10,LSTM,0.42033175,mae,8
german,100,1,1,TiDE,0.011344561,mae,8
german,100,1,10,TiDE,0.096639946,mae,8
german,100,1,1,Oracle,0.0036499158,mae,8
german,100,1,10,Oracle,0.014202339,mae,8
german,100,1,1,TSMixer,0.014346464,mae,9
german,100,1,10,TSMixer,0.1389633,mae,9
german,100,1,1,VAR,0.010500072,mae,9
german,100,1,10,VAR,0.039829813,mae,9
german,100,1,1,LSTM,0.30031964,mae,9
german,100,1,10,LSTM,0.5820189,mae,9
german,100,1,1,TiDE,0.010897707,mae,9
german,100,1,10,TiDE,0.09218295,mae,9
german,100,1,1,Oracle,0.0036499158,mae,9
german,100,1,10,Oracle,0.014202339,mae,9
german,500,1,1,TSMixer,0.014070712,mae,0
german,500,1,10,TSMixer,0.1406491,mae,0
german,500,1,1,VAR,0.0038295728,mae,0
german,500,1,10,VAR,0.01637445,mae,0
german,500,1,1,LSTM,0.05195454,mae,0
german,500,1,10,LSTM,0.12876724,mae,0
german,500,1,1,TiDE,0.010999238,mae,0
german,500,1,10,TiDE,0.09363905,mae,0
german,500,1,1,Oracle,0.0036499158,mae,0
german,500,1,10,Oracle,0.014202339,mae,0
german,500,1,1,TSMixer,0.014293045,mae,1
german,500,1,10,TSMixer,0.13953137,mae,1
german,500,1,1,VAR,0.0037445219,mae,1
german,500,1,10,VAR,0.014923942,mae,1
german,500,1,1,LSTM,0.06300252,mae,1
german,500,1,10,LSTM,0.1366314,mae,1
german,500,1,1,TiDE,0.0110338,mae,1
german,500,1,10,TiDE,0.095520824,mae,1
german,500,1,1,Oracle,0.0036499158,mae,1
german,500,1,10,Oracle,0.014202339,mae,1
german,500,1,1,TSMixer,0.013314647,mae,2
german,500,1,10,TSMixer,0.13380569,mae,2
german,500,1,1,VAR,0.0038085377,mae,2
german,500,1,10,VAR,0.015632456,mae,2
german,500,1,1,LSTM,0.04964899,mae,2
german,500,1,10,LSTM,0.13304706,mae,2
german,500,1,1,TiDE,0.011053704,mae,2
german,500,1,10,TiDE,0.09440084,mae,2
german,500,1,1,Oracle,0.0036499158,mae,2
german,500,1,10,Oracle,0.014202339,mae,2
german,500,1,1,TSMixer,0.0128588695,mae,3
german,500,1,10,TSMixer,0.12838994,mae,3
german,500,1,1,VAR,0.003737443,mae,3
german,500,1,10,VAR,0.014793125,mae,3
german,500,1,1,LSTM,0.06792981,mae,3
german,500,1,10,LSTM,0.15428244,mae,3
german,500,1,1,TiDE,0.011020807,mae,3
german,500,1,10,TiDE,0.09157336,mae,3
german,500,1,1,Oracle,0.0036499158,mae,3
german,500,1,10,Oracle,0.014202339,mae,3
german,500,1,1,TSMixer,0.013925714,mae,4
german,500,1,10,TSMixer,0.13829257,mae,4
german,500,1,1,VAR,0.003768153,mae,4
german,500,1,10,VAR,0.01516691,mae,4
german,500,1,1,LSTM,0.069260195,mae,4
german,500,1,10,LSTM,0.18528177,mae,4
german,500,1,1,TiDE,0.010848512,mae,4
german,500,1,10,TiDE,0.09385328,mae,4
german,500,1,1,Oracle,0.0036499158,mae,4
german,500,1,10,Oracle,0.014202339,mae,4
german,500,1,1,TSMixer,0.013248071,mae,5
german,500,1,10,TSMixer,0.13106363,mae,5
german,500,1,1,VAR,0.003745704,mae,5
german,500,1,10,VAR,0.014834843,mae,5
german,500,1,1,LSTM,0.09360704,mae,5
german,500,1,10,LSTM,0.18393753,mae,5
german,500,1,1,TiDE,0.010576794,mae,5
german,500,1,10,TiDE,0.091051124,mae,5
german,500,1,1,Oracle,0.0036499158,mae,5
german,500,1,10,Oracle,0.014202339,mae,5
german,500,1,1,TSMixer,0.013638147,mae,6
german,500,1,10,TSMixer,0.1344899,mae,6
german,500,1,1,VAR,0.0037631048,mae,6
german,500,1,10,VAR,0.014656231,mae,6
german,500,1,1,LSTM,0.05579321,mae,6
german,500,1,10,LSTM,0.20513892,mae,6
german,500,1,1,TiDE,0.010590533,mae,6
german,500,1,10,TiDE,0.09175186,mae,6
german,500,1,1,Oracle,0.0036499158,mae,6
german,500,1,10,Oracle,0.014202339,mae,6
german,500,1,1,TSMixer,0.013798351,mae,7
german,500,1,10,TSMixer,0.1305759,mae,7
german,500,1,1,VAR,0.0038134558,mae,7
german,500,1,10,VAR,0.014710101,mae,7
german,500,1,1,LSTM,0.055756696,mae,7
german,500,1,10,LSTM,0.12529656,mae,7
german,500,1,1,TiDE,0.01061559,mae,7
german,500,1,10,TiDE,0.09203933,mae,7
german,500,1,1,Oracle,0.0036499158,mae,7
german,500,1,10,Oracle,0.014202339,mae,7
german,500,1,1,TSMixer,0.013564227,mae,8
german,500,1,10,TSMixer,0.13562012,mae,8
german,500,1,1,VAR,0.0037950634,mae,8
german,500,1,10,VAR,0.015018403,mae,8
german,500,1,1,LSTM,0.11388361,mae,8
german,500,1,10,LSTM,0.24195765,mae,8
german,500,1,1,TiDE,0.011518145,mae,8
german,500,1,10,TiDE,0.09764641,mae,8
german,500,1,1,Oracle,0.0036499158,mae,8
german,500,1,10,Oracle,0.014202339,mae,8
german,500,1,1,TSMixer,0.013357849,mae,9
german,500,1,10,TSMixer,0.13375558,mae,9
german,500,1,1,VAR,0.003769038,mae,9
german,500,1,10,VAR,0.01445962,mae,9
german,500,1,1,LSTM,0.06619711,mae,9
german,500,1,10,LSTM,0.24008872,mae,9
german,500,1,1,TiDE,0.010285588,mae,9
german,500,1,10,TiDE,0.089178495,mae,9
german,500,1,1,Oracle,0.0036499158,mae,9
german,500,1,10,Oracle,0.014202339,mae,9
german,1000,1,1,TSMixer,0.012645666,mae,0
german,1000,1,10,TSMixer,0.13178077,mae,0
german,1000,1,1,VAR,0.0036915448,mae,0
german,1000,1,10,VAR,0.014290448,mae,0
german,1000,1,1,LSTM,0.02582486,mae,0
german,1000,1,10,LSTM,0.059115328,mae,0
german,1000,1,1,TiDE,0.0115552815,mae,0
german,1000,1,10,TiDE,0.09795554,mae,0
german,1000,1,1,Oracle,0.0036499158,mae,0
german,1000,1,10,Oracle,0.014202339,mae,0
german,1000,1,1,TSMixer,0.013118812,mae,1
german,1000,1,10,TSMixer,0.13018483,mae,1
german,1000,1,1,VAR,0.0036625925,mae,1
german,1000,1,10,VAR,0.014377524,mae,1
german,1000,1,1,LSTM,0.026443304,mae,1
german,1000,1,10,LSTM,0.07737771,mae,1
german,1000,1,1,TiDE,0.010903417,mae,1
german,1000,1,10,TiDE,0.09594629,mae,1
german,1000,1,1,Oracle,0.0036499158,mae,1
german,1000,1,10,Oracle,0.014202339,mae,1
german,1000,1,1,TSMixer,0.012173503,mae,2
german,1000,1,10,TSMixer,0.123989545,mae,2
german,1000,1,1,VAR,0.0037053188,mae,2
german,1000,1,10,VAR,0.014439887,mae,2
german,1000,1,1,LSTM,0.029943239,mae,2
german,1000,1,10,LSTM,0.08093215,mae,2
german,1000,1,1,TiDE,0.010638836,mae,2
german,1000,1,10,TiDE,0.09082145,mae,2
german,1000,1,1,Oracle,0.0036499158,mae,2
german,1000,1,10,Oracle,0.014202339,mae,2
german,1000,1,1,TSMixer,0.0117886765,mae,3
german,1000,1,10,TSMixer,0.11760705,mae,3
german,1000,1,1,VAR,0.003689903,mae,3
german,1000,1,10,VAR,0.014469006,mae,3
german,1000,1,1,LSTM,0.035114247,mae,3
german,1000,1,10,LSTM,0.11267114,mae,3
german,1000,1,1,TiDE,0.010246531,mae,3
german,1000,1,10,TiDE,0.08736014,mae,3
german,1000,1,1,Oracle,0.0036499158,mae,3
german,1000,1,10,Oracle,0.014202339,mae,3
german,1000,1,1,TSMixer,0.012713055,mae,4
german,1000,1,10,TSMixer,0.12582548,mae,4
german,1000,1,1,VAR,0.0036835235,mae,4
german,1000,1,10,VAR,0.014521084,mae,4
german,1000,1,1,LSTM,0.03745546,mae,4
german,1000,1,10,LSTM,0.08232374,mae,4
german,1000,1,1,TiDE,0.010641264,mae,4
german,1000,1,10,TiDE,0.09102013,mae,4
german,1000,1,1,Oracle,0.0036499158,mae,4
german,1000,1,10,Oracle,0.014202339,mae,4
german,1000,1,1,TSMixer,0.0121426545,mae,5
german,1000,1,10,TSMixer,0.12152402,mae,5
german,1000,1,1,VAR,0.0037418818,mae,5
german,1000,1,10,VAR,0.014657298,mae,5
german,1000,1,1,LSTM,0.020673899,mae,5
german,1000,1,10,LSTM,0.06250664,mae,5
german,1000,1,1,TiDE,0.011398021,mae,5
german,1000,1,10,TiDE,0.095475346,mae,5
german,1000,1,1,Oracle,0.0036499158,mae,5
german,1000,1,10,Oracle,0.014202339,mae,5
german,1000,1,1,TSMixer,0.0124106305,mae,6
german,1000,1,10,TSMixer,0.1253858,mae,6
german,1000,1,1,VAR,0.0037332952,mae,6
german,1000,1,10,VAR,0.014294765,mae,6
german,1000,1,1,LSTM,0.02583747,mae,6
german,1000,1,10,LSTM,0.07604189,mae,6
german,1000,1,1,TiDE,0.010322572,mae,6
german,1000,1,10,TiDE,0.090100124,mae,6
german,1000,1,1,Oracle,0.0036499158,mae,6
german,1000,1,10,Oracle,0.014202339,mae,6
german,1000,1,1,TSMixer,0.012655871,mae,7
german,1000,1,10,TSMixer,0.12135994,mae,7
german,1000,1,1,VAR,0.0036705988,mae,7
german,1000,1,10,VAR,0.01484998,mae,7
german,1000,1,1,LSTM,0.03864107,mae,7
german,1000,1,10,LSTM,0.08155392,mae,7
german,1000,1,1,TiDE,0.011120775,mae,7
german,1000,1,10,TiDE,0.09261594,mae,7
german,1000,1,1,Oracle,0.0036499158,mae,7
german,1000,1,10,Oracle,0.014202339,mae,7
german,1000,1,1,TSMixer,0.012646256,mae,8
german,1000,1,10,TSMixer,0.12823938,mae,8
german,1000,1,1,VAR,0.0037276607,mae,8
german,1000,1,10,VAR,0.014625677,mae,8
german,1000,1,1,LSTM,0.06934184,mae,8
german,1000,1,10,LSTM,0.17646796,mae,8
german,1000,1,1,TiDE,0.0110225445,mae,8
german,1000,1,10,TiDE,0.095152505,mae,8
german,1000,1,1,Oracle,0.0036499158,mae,8
german,1000,1,10,Oracle,0.014202339,mae,8
german,1000,1,1,TSMixer,0.012524243,mae,9
german,1000,1,10,TSMixer,0.1266609,mae,9
german,1000,1,1,VAR,0.0037092327,mae,9
german,1000,1,10,VAR,0.014444361,mae,9
german,1000,1,1,LSTM,0.020352552,mae,9
german,1000,1,10,LSTM,0.06541557,mae,9
german,1000,1,1,TiDE,0.011229618,mae,9
german,1000,1,10,TiDE,0.093752764,mae,9
german,1000,1,1,Oracle,0.0036499158,mae,9
german,1000,1,10,Oracle,0.014202339,mae,9
inverted,100,1,1,TSMixer,0.21647587,mae,0
inverted,100,1,10,TSMixer,1.4293618,mae,0
inverted,100,1,1,VAR,0.041860223,mae,0
inverted,100,1,10,VAR,0.40728402,mae,0
inverted,100,1,1,LSTM,0.05268776,mae,0
inverted,100,1,10,LSTM,0.46839753,mae,0
inverted,100,1,1,TiDE,0.21748397,mae,0
inverted,100,1,10,TiDE,1.4328842,mae,0
inverted,100,1,1,Oracle,0.04193037,mae,0
inverted,100,1,10,Oracle,0.39900282,mae,0
inverted,100,1,1,TSMixer,0.21656366,mae,1
inverted,100,1,10,TSMixer,1.4300331,mae,1
inverted,100,1,1,VAR,0.042225823,mae,1
inverted,100,1,10,VAR,0.4444326,mae,1
inverted,100,1,1,LSTM,0.051605787,mae,1
inverted,100,1,10,LSTM,0.5996997,mae,1
inverted,100,1,1,TiDE,0.21798183,mae,1
inverted,100,1,10,TiDE,1.4346614,mae,1
inverted,100,1,1,Oracle,0.04193037,mae,1
inverted,100,1,10,Oracle,0.39900282,mae,1
inverted,100,1,1,TSMixer,0.21638134,mae,2
inverted,100,1,10,TSMixer,1.4285097,mae,2
inverted,100,1,1,VAR,0.04212085,mae,2
inverted,100,1,10,VAR,0.42818195,mae,2
inverted,100,1,1,LSTM,0.05414776,mae,2
inverted,100,1,10,LSTM,0.53134507,mae,2
inverted,100,1,1,TiDE,0.2170925,mae,2
inverted,100,1,10,TiDE,1.4308125,mae,2
inverted,100,1,1,Oracle,0.04193037,mae,2
inverted,100,1,10,Oracle,0.39900282,mae,2
inverted,100,1,1,TSMixer,0.21659067,mae,3
inverted,100,1,10,TSMixer,1.4302456,mae,3
inverted,100,1,1,VAR,0.042951006,mae,3
inverted,100,1,10,VAR,0.411539,mae,3
inverted,100,1,1,LSTM,0.055372883,mae,3
inverted,100,1,10,LSTM,0.48590064,mae,3
inverted,100,1,1,TiDE,0.2179111,mae,3
inverted,100,1,10,TiDE,1.434633,mae,3
inverted,100,1,1,Oracle,0.04193037,mae,3
inverted,100,1,10,Oracle,0.39900282,mae,3
inverted,100,1,1,TSMixer,0.21666802,mae,4
inverted,100,1,10,TSMixer,1.4306552,mae,4
inverted,100,1,1,VAR,0.041948937,mae,4
inverted,100,1,10,VAR,0.40747273,mae,4
inverted,100,1,1,LSTM,0.045858596,mae,4
inverted,100,1,10,LSTM,0.4563857,mae,4
inverted,100,1,1,TiDE,0.2184596,mae,4
inverted,100,1,10,TiDE,1.4369404,mae,4
inverted,100,1,1,Oracle,0.04193037,mae,4
inverted,100,1,10,Oracle,0.39900282,mae,4
inverted,100,1,1,TSMixer,0.21660128,mae,5
inverted,100,1,10,TSMixer,1.4302174,mae,5
inverted,100,1,1,VAR,0.043067325,mae,5
inverted,100,1,10,VAR,0.41155344,mae,5
inverted,100,1,1,LSTM,0.045688886,mae,5
inverted,100,1,10,LSTM,0.43377376,mae,5
inverted,100,1,1,TiDE,0.21806523,mae,5
inverted,100,1,10,TiDE,1.4355013,mae,5
inverted,100,1,1,Oracle,0.04193037,mae,5
inverted,100,1,10,Oracle,0.39900282,mae,5
inverted,100,1,1,TSMixer,0.21650243,mae,6
inverted,100,1,10,TSMixer,1.4295481,mae,6
inverted,100,1,1,VAR,0.04396482,mae,6
inverted,100,1,10,VAR,0.45096448,mae,6
inverted,100,1,1,LSTM,0.05124416,mae,6
inverted,100,1,10,LSTM,0.5145648,mae,6
inverted,100,1,1,TiDE,0.21762848,mae,6
inverted,100,1,10,TiDE,1.4335393,mae,6
inverted,100,1,1,Oracle,0.04193037,mae,6
inverted,100,1,10,Oracle,0.39900282,mae,6
inverted,100,1,1,TSMixer,0.21659052,mae,7
inverted,100,1,10,TSMixer,1.4302692,mae,7
inverted,100,1,1,VAR,0.042290486,mae,7
inverted,100,1,10,VAR,0.4314618,mae,7
inverted,100,1,1,LSTM,0.061840426,mae,7
inverted,100,1,10,LSTM,0.5357132,mae,7
inverted,100,1,1,TiDE,0.21824288,mae,7
inverted,100,1,10,TiDE,1.435338,mae,7
inverted,100,1,1,Oracle,0.04193037,mae,7
inverted,100,1,10,Oracle,0.39900282,mae,7
inverted,100,1,1,TSMixer,0.21658131,mae,8
inverted,100,1,10,TSMixer,1.4301814,mae,8
inverted,100,1,1,VAR,0.042094864,mae,8
inverted,100,1,10,VAR,0.39975718,mae,8
inverted,100,1,1,LSTM,0.046775393,mae,8
inverted,100,1,10,LSTM,0.47372842,mae,8
inverted,100,1,1,TiDE,0.21820915,mae,8
inverted,100,1,10,TiDE,1.4358044,mae,8
inverted,100,1,1,Oracle,0.04193037,mae,8
inverted,100,1,10,Oracle,0.39900282,mae,8
inverted,100,1,1,TSMixer,0.21662816,mae,9
inverted,100,1,10,TSMixer,1.4304688,mae,9
inverted,100,1,1,VAR,0.042617813,mae,9
inverted,100,1,10,VAR,0.4068301,mae,9
inverted,100,1,1,LSTM,0.04816058,mae,9
inverted,100,1,10,LSTM,0.46685463,mae,9
inverted,100,1,1,TiDE,0.21784078,mae,9
inverted,100,1,10,TiDE,1.4353056,mae,9
inverted,100,1,1,Oracle,0.04193037,mae,9
inverted,100,1,10,Oracle,0.39900282,mae,9
inverted,500,1,1,TSMixer,0.21679918,mae,0
inverted,500,1,10,TSMixer,1.4308003,mae,0
inverted,500,1,1,VAR,0.04185901,mae,0
inverted,500,1,10,VAR,0.39996353,mae,0
inverted,500,1,1,LSTM,0.044793833,mae,0
inverted,500,1,10,LSTM,0.42324707,mae,0
inverted,500,1,1,TiDE,0.21756712,mae,0
inverted,500,1,10,TiDE,1.4333473,mae,0
inverted,500,1,1,Oracle,0.04193037,mae,0
inverted,500,1,10,Oracle,0.39900282,mae,0
inverted,500,1,1,TSMixer,0.2169568,mae,1
inverted,500,1,10,TSMixer,1.4317553,mae,1
inverted,500,1,1,VAR,0.042182665,mae,1
inverted,500,1,10,VAR,0.4001767,mae,1
inverted,500,1,1,LSTM,0.042969774,mae,1
inverted,500,1,10,LSTM,0.39980876,mae,1
inverted,500,1,1,TiDE,0.21790293,mae,1
inverted,500,1,10,TiDE,1.434538,mae,1
inverted,500,1,1,Oracle,0.04193037,mae,1
inverted,500,1,10,Oracle,0.39900282,mae,1
inverted,500,1,1,TSMixer,0.2165953,mae,2
inverted,500,1,10,TSMixer,1.429569,mae,2
inverted,500,1,1,VAR,0.04198722,mae,2
inverted,500,1,10,VAR,0.40416145,mae,2
inverted,500,1,1,LSTM,0.042810153,mae,2
inverted,500,1,10,LSTM,0.40253982,mae,2
inverted,500,1,1,TiDE,0.2172331,mae,2
inverted,500,1,10,TiDE,1.4315474,mae,2
inverted,500,1,1,Oracle,0.04193037,mae,2
inverted,500,1,10,Oracle,0.39900282,mae,2
inverted,500,1,1,TSMixer,0.21698056,mae,3
inverted,500,1,10,TSMixer,1.4319464,mae,3
inverted,500,1,1,VAR,0.04186257,mae,3
inverted,500,1,10,VAR,0.39956743,mae,3
inverted,500,1,1,LSTM,0.042677227,mae,3
inverted,500,1,10,LSTM,0.45463058,mae,3
inverted,500,1,1,TiDE,0.21810608,mae,3
inverted,500,1,10,TiDE,1.4351898,mae,3
inverted,500,1,1,Oracle,0.04193037,mae,3
inverted,500,1,10,Oracle,0.39900282,mae,3
inverted,500,1,1,TSMixer,0.21639585,mae,4
inverted,500,1,10,TSMixer,1.4289347,mae,4
inverted,500,1,1,VAR,0.04193882,mae,4
inverted,500,1,10,VAR,0.3985466,mae,4
inverted,500,1,1,LSTM,0.043999065,mae,4
inverted,500,1,10,LSTM,0.40646353,mae,4
inverted,500,1,1,TiDE,0.21650961,mae,4
inverted,500,1,10,TiDE,1.4282343,mae,4
inverted,500,1,1,Oracle,0.04193037,mae,4
inverted,500,1,10,Oracle,0.39900282,mae,4
inverted,500,1,1,TSMixer,0.21656622,mae,5
inverted,500,1,10,TSMixer,1.4300386,mae,5
inverted,500,1,1,VAR,0.041965283,mae,5
inverted,500,1,10,VAR,0.4047949,mae,5
inverted,500,1,1,LSTM,0.042977408,mae,5
inverted,500,1,10,LSTM,0.42319348,mae,5
inverted,500,1,1,TiDE,0.21691442,mae,5
inverted,500,1,10,TiDE,1.4310863,mae,5
inverted,500,1,1,Oracle,0.04193037,mae,5
inverted,500,1,10,Oracle,0.39900282,mae,5
inverted,500,1,1,TSMixer,0.21656677,mae,6
inverted,500,1,10,TSMixer,1.4299302,mae,6
inverted,500,1,1,VAR,0.04201242,mae,6
inverted,500,1,10,VAR,0.40201813,mae,6
inverted,500,1,1,LSTM,0.042887874,mae,6
inverted,500,1,10,LSTM,0.40478468,mae,6
inverted,500,1,1,TiDE,0.21762858,mae,6
inverted,500,1,10,TiDE,1.4333158,mae,6
inverted,500,1,1,Oracle,0.04193037,mae,6
inverted,500,1,10,Oracle,0.39900282,mae,6
inverted,500,1,1,TSMixer,0.21700618,mae,7
inverted,500,1,10,TSMixer,1.4320834,mae,7
inverted,500,1,1,VAR,0.04218783,mae,7
inverted,500,1,10,VAR,0.3985892,mae,7
inverted,500,1,1,LSTM,0.044029042,mae,7
inverted,500,1,10,LSTM,0.39962223,mae,7
inverted,500,1,1,TiDE,0.2184523,mae,7
inverted,500,1,10,TiDE,1.4365023,mae,7
inverted,500,1,1,Oracle,0.04193037,mae,7
inverted,500,1,10,Oracle,0.39900282,mae,7
inverted,500,1,1,TSMixer,0.21685682,mae,8
inverted,500,1,10,TSMixer,1.4312842,mae,8
inverted,500,1,1,VAR,0.041893125,mae,8
inverted,500,1,10,VAR,0.39913785,mae,8
inverted,500,1,1,LSTM,0.043200936,mae,8
inverted,500,1,10,LSTM,0.41179067,mae,8
inverted,500,1,1,TiDE,0.21785383,mae,8
inverted,500,1,10,TiDE,1.4345484,mae,8
inverted,500,1,1,Oracle,0.04193037,mae,8
inverted,500,1,10,Oracle,0.39900282,mae,8
inverted,500,1,1,TSMixer,0.21701187,mae,9
inverted,500,1,10,TSMixer,1.4321289,mae,9
inverted,500,1,1,VAR,0.04194371,mae,9
inverted,500,1,10,VAR,0.39909154,mae,9
inverted,500,1,1,LSTM,0.04247512,mae,9
inverted,500,1,10,LSTM,0.39672798,mae,9
inverted,500,1,1,TiDE,0.2179723,mae,9
inverted,500,1,10,TiDE,1.435911,mae,9
inverted,500,1,1,Oracle,0.04193037,mae,9
inverted,500,1,10,Oracle,0.39900282,mae,9
inverted,1000,1,1,TSMixer,0.21698564,mae,0
inverted,1000,1,10,TSMixer,1.4315708,mae,0
inverted,1000,1,1,VAR,0.041906096,mae,0
inverted,1000,1,10,VAR,0.39886376,mae,0
inverted,1000,1,1,LSTM,0.04243048,mae,0
inverted,1000,1,10,LSTM,0.40343428,mae,0
inverted,1000,1,1,TiDE,0.21759681,mae,0
inverted,1000,1,10,TiDE,1.4335008,mae,0
inverted,1000,1,1,Oracle,0.04193037,mae,0
inverted,1000,1,10,Oracle,0.39900282,mae,0
inverted,1000,1,1,TSMixer,0.2167267,mae,1
inverted,1000,1,10,TSMixer,1.4308991,mae,1
inverted,1000,1,1,VAR,0.042003218,mae,1
inverted,1000,1,10,VAR,0.39950854,mae,1
inverted,1000,1,1,LSTM,0.042510152,mae,1
inverted,1000,1,10,LSTM,0.399354,mae,1
inverted,1000,1,1,TiDE,0.21790773,mae,1
inverted,1000,1,10,TiDE,1.4345151,mae,1
inverted,1000,1,1,Oracle,0.04193037,mae,1
inverted,1000,1,10,Oracle,0.39900282,mae,1
inverted,1000,1,1,TSMixer,0.21658558,mae,2
inverted,1000,1,10,TSMixer,1.4297132,mae,2
inverted,1000,1,1,VAR,0.041949518,mae,2
inverted,1000,1,10,VAR,0.39922613,mae,2
inverted,1000,1,1,LSTM,0.042514384,mae,2
inverted,1000,1,10,LSTM,0.3982793,mae,2
inverted,1000,1,1,TiDE,0.21722911,mae,2
inverted,1000,1,10,TiDE,1.4318932,mae,2
inverted,1000,1,1,Oracle,0.04193037,mae,2
inverted,1000,1,10,Oracle,0.39900282,mae,2
inverted,1000,1,1,TSMixer,0.21652034,mae,3
inverted,1000,1,10,TSMixer,1.4298817,mae,3
inverted,1000,1,1,VAR,0.041870482,mae,3
inverted,1000,1,10,VAR,0.39944375,mae,3
inverted,1000,1,1,LSTM,0.04239936,mae,3
inverted,1000,1,10,LSTM,0.42332622,mae,3
inverted,1000,1,1,TiDE,0.21686472,mae,3
inverted,1000,1,10,TiDE,1.430747,mae,3
inverted,1000,1,1,Oracle,0.04193037,mae,3
inverted,1000,1,10,Oracle,0.39900282,mae,3
inverted,1000,1,1,TSMixer,0.21701188,mae,4
inverted,1000,1,10,TSMixer,1.4317135,mae,4
inverted,1000,1,1,VAR,0.041881412,mae,4
inverted,1000,1,10,VAR,0.3985535,mae,4
inverted,1000,1,1,LSTM,0.042719185,mae,4
inverted,1000,1,10,LSTM,0.4026697,mae,4
inverted,1000,1,1,TiDE,0.21758674,mae,4
inverted,1000,1,10,TiDE,1.433603,mae,4
inverted,1000,1,1,Oracle,0.04193037,mae,4
inverted,1000,1,10,Oracle,0.39900282,mae,4
inverted,1000,1,1,TSMixer,0.21713439,mae,5
inverted,1000,1,10,TSMixer,1.4324495,mae,5
inverted,1000,1,1,VAR,0.04190758,mae,5
inverted,1000,1,10,VAR,0.40190762,mae,5
inverted,1000,1,1,LSTM,0.042193215,mae,5
inverted,1000,1,10,LSTM,0.4056086,mae,5
inverted,1000,1,1,TiDE,0.21793826,mae,5
inverted,1000,1,10,TiDE,1.4352069,mae,5
inverted,1000,1,1,Oracle,0.04193037,mae,5
inverted,1000,1,10,Oracle,0.39900282,mae,5
inverted,1000,1,1,TSMixer,0.21688816,mae,6
inverted,1000,1,10,TSMixer,1.4311553,mae,6
inverted,1000,1,1,VAR,0.042049214,mae,6
inverted,1000,1,10,VAR,0.39966077,mae,6
inverted,1000,1,1,LSTM,0.04247747,mae,6
inverted,1000,1,10,LSTM,0.39930496,mae,6
inverted,1000,1,1,TiDE,0.21753675,mae,6
inverted,1000,1,10,TiDE,1.4327962,mae,6
inverted,1000,1,1,Oracle,0.04193037,mae,6
inverted,1000,1,10,Oracle,0.39900282,mae,6
inverted,1000,1,1,TSMixer,0.21724986,mae,7
inverted,1000,1,10,TSMixer,1.4329828,mae,7
inverted,1000,1,1,VAR,0.042061035,mae,7
inverted,1000,1,10,VAR,0.4012928,mae,7
inverted,1000,1,1,LSTM,0.042513344,mae,7
inverted,1000,1,10,LSTM,0.40032953,mae,7
inverted,1000,1,1,TiDE,0.21815163,mae,7
inverted,1000,1,10,TiDE,1.4356756,mae,7
inverted,1000,1,1,Oracle,0.04193037,mae,7
inverted,1000,1,10,Oracle,0.39900282,mae,7
inverted,1000,1,1,TSMixer,0.21685152,mae,8
inverted,1000,1,10,TSMixer,1.4308785,mae,8
inverted,1000,1,1,VAR,0.04187729,mae,8
inverted,1000,1,10,VAR,0.39950812,mae,8
inverted,1000,1,1,LSTM,0.042474207,mae,8
inverted,1000,1,10,LSTM,0.40964675,mae,8
inverted,1000,1,1,TiDE,0.2174074,mae,8
inverted,1000,1,10,TiDE,1.432251,mae,8
inverted,1000,1,1,Oracle,0.04193037,mae,8
inverted,1000,1,10,Oracle,0.39900282,mae,8
inverted,1000,1,1,TSMixer,0.21705425,mae,9
inverted,1000,1,10,TSMixer,1.4321924,mae,9
inverted,1000,1,1,VAR,0.04205556,mae,9
inverted,1000,1,10,VAR,0.40082893,mae,9
inverted,1000,1,1,LSTM,0.042538658,mae,9
inverted,1000,1,10,LSTM,0.3994567,mae,9
inverted,1000,1,1,TiDE,0.21757205,mae,9
inverted,1000,1,10,TiDE,1.4344058,mae,9
inverted,1000,1,1,Oracle,0.04193037,mae,9
inverted,1000,1,10,Oracle,0.39900282,mae,9
